artist,song_title,mfccs_mean
1974 A.D,Chhudaina Timro Mayale,"[-260.01824951171875, 131.1795654296875, -61.90312576293945, 16.127689361572266, -6.665011405944824, -2.005924701690674, -5.857110500335693, -14.58520793914795, -11.412405967712402, -30.206716537475586, -11.893994331359863, -10.71827507019043, -15.8313627243042]"
1974 A.D,Chudaina,"[-256.1219482421875, 128.0784912109375, -70.1772689819336, 21.086284637451172, -5.6447625160217285, -2.509115695953369, -6.095274925231934, -13.589262008666992, -9.476682662963867, -30.697805404663086, -12.648253440856934, -12.126994132995605, -15.36658000946045]"
1974 A.D,Gurans Fulyo,"[-320.24981689453125, 105.65392303466797, -50.67074203491211, 25.990903854370117, -45.08309555053711, -26.433507919311523, -0.18917158246040344, -10.595660209655762, 11.362648963928223, -15.870603561401367, -27.20370864868164, -13.084879875183105, -1.0638865232467651]"
1974 A.D,Pahilo Junima,"[-289.5390319824219, 113.54983520507812, -96.82124328613281, 11.64819622039795, -28.536056518554688, -8.676596641540527, -8.712438583374023, -17.437475204467773, -3.1326308250427246, -23.40902328491211, -1.9493125677108765, -6.606109142303467, -20.736236572265625]"
1974 A.D,Parelima,"[-249.0830841064453, 138.68557739257812, -63.8565788269043, 26.511798858642578, -22.11525535583496, -17.714427947998047, -0.8470240831375122, -17.437448501586914, -14.077497482299805, -25.3233699798584, -18.822437286376953, -8.96426773071289, 4.796653747558594]"
1974 A.D,Yo Mann Ta Mero Nepali Ho,"[-283.63543701171875, 109.70846557617188, -79.9599609375, 3.347562074661255, -40.63787841796875, -4.679104328155518, -8.714518547058105, -12.533252716064453, 9.414851188659668, -28.28473663330078, -7.947355270385742, -5.5187764167785645, -21.43678855895996]"
Adrian Pradhan,Hindda Hinddai,"[-277.6639099121094, 110.61329650878906, -56.18579864501953, 21.456336975097656, -29.326215744018555, -2.010395050048828, -8.160998344421387, -9.18456745147705, 15.188629150390625, -21.106054306030273, -6.959800720214844, -5.706538200378418, -17.257183074951172]"
Akash Khadka,Timi Bhayera,"[-272.7655334472656, 126.94205474853516, -54.92319869995117, 16.31947135925293, -20.729686737060547, 19.87192153930664, -28.68350601196289, -15.286982536315918, 17.363754272460938, -47.2543830871582, -9.617368698120117, -3.5611255168914795, -10.111059188842773]"
Albatross,Abhimaan,"[-312.5414733886719, 88.56229400634766, -103.2936782836914, 25.03120231628418, -32.12494659423828, -24.3482666015625, -11.91207504272461, -10.142240524291992, -7.967747688293457, -29.319520950317383, -11.6802339553833, -11.366510391235352, -0.37487339973449707]"
Albatross,Bachau,"[-323.5804138183594, 81.64625549316406, -90.70496368408203, 15.389444351196289, -29.971527099609375, 15.590627670288086, -25.397178649902344, -28.00570297241211, 2.515139102935791, -26.438838958740234, 0.3672880530357361, -18.829038619995117, -9.012575149536133]"
Albatross,Khaseka Tara,"[-337.6586608886719, 115.22129821777344, -83.49959564208984, 3.036775588989258, -3.306330442428589, 4.23127555847168, -18.29447364807129, -13.991198539733887, -11.021448135375977, -28.380306243896484, -7.813292980194092, -20.564252853393555, -11.365915298461914]"
Albatross,Timi Bhane,"[-315.70263671875, 108.02532196044922, -94.80895233154297, 13.564852714538574, -9.080560684204102, -1.9855263233184814, -29.41602897644043, -15.214066505432129, 2.2035939693450928, -27.153223037719727, -6.785156726837158, -13.892359733581543, -9.523680686950684]"
Amit Gurung-nepathya,Resham,"[-308.62872314453125, 101.51057434082031, -77.37169647216797, 29.053728103637695, -34.3614501953125, 13.340883255004883, -19.77203369140625, -23.68807029724121, 5.877560138702393, -39.56846618652344, -19.408355712890625, -10.53146743774414, 2.745811939239502]"
Anju Panta,Ghin Ghin Madal(Panche Baja),"[-274.75421142578125, 105.54058837890625, -65.4627685546875, 17.33930015563965, -25.305999755859375, 26.606990814208984, -28.83392906188965, -26.264535903930664, 5.784894943237305, -39.828269958496094, -1.2989593744277954, -10.798330307006836, -11.003390312194824]"
Anju Panta,Ma Yesto Geet Gaunchhu-Duet,"[-273.0303039550781, 105.844482421875, -74.28572845458984, 30.01953887939453, -24.729660034179688, 9.397701263427734, -29.89405632019043, -19.873146057128906, -2.002007484436035, -40.682682037353516, -6.520004749298096, -23.139789581298828, -6.708818435668945]"
Astha Tamang-Maskey,Harek Saas Sita,"[-346.18212890625, 107.24017333984375, -73.74927520751953, 16.5637149810791, 5.195312023162842, -0.2079324573278427, -28.58935546875, -7.693456649780273, -13.81941032409668, -31.80949592590332, 8.166788101196289, -17.333229064941406, -14.141042709350586]"
Astha Tamang-Maskey,Khaali,"[-301.30523681640625, 105.83076477050781, -88.6977767944336, 8.917917251586914, -9.777241706848145, -7.7826690673828125, -30.80841827392578, 1.2232688665390015, -9.614871978759766, -45.77956008911133, 1.80665123462677, -25.55071449279785, -19.55661964416504]"
Astha Tamang-Maskey,Khula Aakash,"[-334.0514221191406, 78.25299072265625, -95.88782501220703, -10.307600975036621, -23.353736877441406, -4.048712253570557, -37.0608024597168, -7.074789047241211, -13.278592109680176, -36.73273849487305, 13.760542869567871, -30.1816349029541, -21.166791915893555]"
Astha Tamang-Maskey,Muskuraye,"[-347.8294372558594, 69.6785659790039, -76.84375, 40.91373825073242, -28.243236541748047, -8.303053855895996, -47.82404327392578, -13.86926555633545, -13.666668891906738, -42.98529052734375, 21.54587173461914, -29.45966339111328, -16.42714500427246]"
Astha Tamang-Maskey,Sa Re Ga Ma Pa,"[-352.3551330566406, 77.84719848632812, -53.632781982421875, 32.214115142822266, -20.98204803466797, -10.580455780029297, -29.43276023864746, -7.918774604797363, -14.954841613769531, -38.46947479248047, 10.934320449829102, -22.744869232177734, -17.229185104370117]"
Astha Tamang-Maskey,Sabai Thikai Huncha,"[-270.68499755859375, 59.507633209228516, -99.53369903564453, 32.77726745605469, -37.25691223144531, -3.1412339210510254, -36.80833053588867, -21.188034057617188, -3.3506174087524414, -36.891357421875, 14.558971405029297, -20.97796058654785, -17.517929077148438]"
Bhakta Raj Acharya,Tana Mann Bachanle,"[-282.05511474609375, 155.90731811523438, -92.85193634033203, 7.978888034820557, 55.69723892211914, 1.3569999933242798, -20.101659774780273, -22.20999526977539, -5.269758701324463, -14.072460174560547, -29.328584671020508, -9.208386421203613, -12.886494636535645]"
Bipul Chettri,Aashish,"[-312.80596923828125, 103.80874633789062, -30.867149353027344, 38.94219207763672, -17.004297256469727, -3.3958323001861572, 2.84153413772583, -1.8181318044662476, -5.500096321105957, -21.356918334960938, -2.3242135047912598, -21.86522102355957, -6.011340618133545]"
Bipul Chettri,Asaar,"[-370.2059631347656, 116.0638427734375, -53.776615142822266, 31.659290313720703, 20.107040405273438, -3.2858011722564697, -13.405076026916504, -0.9002033472061157, -8.263456344604492, -18.455400466918945, -6.909505844116211, -29.964035034179688, -10.144116401672363]"
Bipul Chettri,Deorali Darah,"[-356.69537353515625, 113.42244720458984, -28.215686798095703, 24.1652889251709, -17.432079315185547, 2.7326667308807373, -7.1523871421813965, -10.968968391418457, -5.758013725280762, -17.966779708862305, -4.625889778137207, -22.546701431274414, -3.9903857707977295]"
Bipul Chettri,Junkeri,"[-292.5827941894531, 114.49655151367188, -41.15961456298828, 49.490901947021484, -26.878067016601562, 2.83070969581604, 4.7473673820495605, -14.931642532348633, 1.2860066890716553, -18.471054077148438, -11.169342041015625, -21.312015533447266, -6.025741100311279]"
Bipul Chettri,Neela Akash,"[-335.404296875, 107.88236999511719, -14.779559135437012, 40.938743591308594, -12.084506034851074, -4.547989368438721, 2.526418924331665, 4.9326887130737305, -1.3918737173080444, -17.142229080200195, -6.09303617477417, -22.50537872314453, 0.8544809222221375]"
Bipul Chettri,Ram Sailee-Ode To My Father,"[-287.588134765625, 99.63139343261719, -27.100915908813477, 42.30802917480469, -13.641303062438965, 9.944252014160156, -5.1824164390563965, -16.283475875854492, 0.9487208127975464, -16.58171272277832, -6.543206214904785, -22.472501754760742, -4.927082061767578]"
Bipul Chettri,WildFire(Dadhelo),"[-319.73272705078125, 114.96133422851562, -22.215999603271484, 40.15473937988281, -23.07138442993164, 8.899455070495605, 10.189570426940918, -11.251617431640625, -4.945217609405518, -15.438018798828125, -5.728829860687256, -21.704967498779297, -8.148537635803223]"
Deepak Bajracharya,Man Magan,"[-340.5920715332031, 111.93614196777344, -65.57203674316406, 5.7659807205200195, -19.646915435791016, 27.891761779785156, -24.18934440612793, -26.86305809020996, 7.690781593322754, -34.3476676940918, -17.687646865844727, -12.766129493713379, 2.1873655319213867]"
Deepak Bajracharya,Wora Para,"[-358.87103271484375, 138.8048858642578, -12.034391403198242, -11.991673469543457, -29.54911231994629, 3.1253421306610107, -24.64198875427246, -4.065725803375244, -1.3416606187820435, -33.55775451660156, -15.512662887573242, -16.31510353088379, 6.024519443511963]"
Deepak Jangam,Gajalu Ti Thula Thula,"[-310.8495178222656, 139.464111328125, -38.78745651245117, 25.369443893432617, -1.4917049407958984, -1.9070452451705933, 5.571178913116455, -17.000877380371094, -20.48862648010254, -26.074237823486328, -22.053874969482422, -20.104286193847656, -8.383132934570312]"
Deepak Jangam,Timilai Ma Ke Bhanu,"[-387.9872131347656, 97.49525451660156, -34.697593688964844, 24.4519100189209, -7.841459274291992, 10.977997779846191, 10.636757850646973, -35.5903434753418, 7.696197509765625, -4.673860549926758, -40.88745880126953, -10.336360931396484, -6.7649455070495605]"
Gopal Yonjan,Baneko Chha Paharale,"[-309.8061828613281, 179.6192626953125, 4.249744415283203, -24.816722869873047, 16.359407424926758, 1.6050612926483154, -25.87188148498535, -17.842519760131836, -15.50197696685791, -25.42661476135254, -17.90854263305664, -9.93551254272461, -16.632570266723633]"
Gopal Yonjan,Bhok Lagyo,"[-304.1574401855469, 104.24034881591797, -142.46070861816406, -11.405927658081055, 13.81938362121582, -28.966035842895508, -19.882572174072266, -22.272052764892578, -20.409442901611328, -16.738712310791016, -4.605767726898193, -1.7073801755905151, -10.046300888061523]"
Gopal Yonjan,Ma Kasari Bhanu,"[-309.1620788574219, 137.46971130371094, -54.704158782958984, -6.149946212768555, 37.825599670410156, -5.372320652008057, -17.1154842376709, -7.824331760406494, -4.751352310180664, -13.471077919006348, -29.705596923828125, -17.428422927856445, -5.772636413574219]"
Gopal Yonjan,Mero Topi,"[-281.5932312011719, 169.17233276367188, -42.58415985107422, -4.611827850341797, 17.30430793762207, 2.9657983779907227, -24.40123748779297, -15.021501541137695, -10.890750885009766, -33.25791931152344, -17.453527450561523, -13.185396194458008, -14.07421875]"
Gopal Yonjan,Nepali Nepalko,"[-332.2276306152344, 145.53196716308594, -62.272308349609375, 3.7285163402557373, 29.945388793945312, 1.3556878566741943, -13.560434341430664, -25.194210052490234, -17.863590240478516, -25.526609420776367, -24.10142707824707, -5.101762771606445, -13.58032512664795]"
Gyanu Rana,Chyangba Hai Chyangba,"[-336.59576416015625, 127.42023468017578, -81.39952087402344, -31.4868106842041, 16.40575408935547, -18.73973274230957, -10.642050743103027, -3.6539785861968994, -21.042879104614258, -15.67204761505127, -8.750168800354004, -11.297386169433594, -10.65062427520752]"
Harish Mathema,Ma Bhakta Hu Yo Desh,"[-247.9900665283203, 146.8957061767578, -71.63145446777344, 21.358322143554688, -4.1619391441345215, -4.290652751922607, -10.078725814819336, -14.725817680358887, 5.608060836791992, -27.534143447875977, -25.885286331176758, -5.977777481079102, -8.345900535583496]"
Karma Band,Kaha Hola Ghar,"[-314.8333740234375, 108.62357330322266, -56.887210845947266, 11.05266284942627, -21.166784286499023, 9.800912857055664, -7.257676601409912, -24.34531021118164, -7.332564830780029, -18.56568145751953, 1.3964958190917969, -6.61485481262207, -2.7715096473693848]"
Kumar Basnet,Dekhe Pachhi,"[-334.9237060546875, 130.30120849609375, -67.52297973632812, -15.290400505065918, -25.07292938232422, -17.04657745361328, 6.407531261444092, -38.13844299316406, -28.948312759399414, 3.2868382930755615, -16.524641036987305, -25.617366790771484, -9.985467910766602]"
Manoj Kumar KC,Harsha Ko Geet,"[-358.43890380859375, 94.03650665283203, -78.63511657714844, -5.182520389556885, -25.204586029052734, -4.838180065155029, -22.67023468017578, -3.6711530685424805, 0.1903747320175171, -35.912452697753906, 1.0631765127182007, -9.126649856567383, -16.523712158203125]"
Nabin K Bhattarai,Aankhama,"[-476.33807373046875, 135.63760375976562, -54.09191131591797, -11.488880157470703, 19.956729888916016, -2.9630303382873535, -13.62867259979248, -3.9433562755584717, -3.6226859092712402, -17.143842697143555, -9.71120834350586, -2.235927104949951, -5.870491981506348]"
Nabin K Bhattarai,Raat Bityo,"[-429.4961853027344, 118.08097076416016, -37.561031341552734, 6.03764533996582, 19.119401931762695, 21.159957885742188, -20.676055908203125, -8.699971199035645, -4.9204206466674805, -31.62403106689453, -4.4057440757751465, -15.774471282958984, -18.055362701416016]"
Nabin K Bhattarai,Sanjha Pakha,"[-354.7481994628906, 108.98607635498047, -49.99784851074219, 22.96733283996582, 13.229878425598145, 12.074548721313477, -14.099786758422852, -1.9855399131774902, 2.8612148761749268, -20.98000144958496, 4.236081123352051, -7.203958511352539, -7.083103656768799]"
Nabin K Bhattarai,Timile Herda,"[-419.3743591308594, 112.00865173339844, -56.28019714355469, 59.205230712890625, 28.461091995239258, -34.11491394042969, -23.35210418701172, -12.641765594482422, -9.751506805419922, -14.902532577514648, -14.946374893188477, -19.133779525756836, -15.759023666381836]"
Nabin K Bhattarai,Yaad Sanchi Samjhana,"[-273.50970458984375, 117.57120513916016, -63.17591094970703, 17.18913459777832, -5.296236515045166, -3.226655960083008, -14.40349292755127, -13.405302047729492, 1.1402724981307983, -22.937387466430664, -5.231316566467285, -2.4006831645965576, -18.872766494750977]"
Narayan Gopal,Yo Samjhine Maan Chha,"[-316.3732604980469, 120.68901062011719, -60.14559555053711, 23.27784538269043, 36.63194274902344, 17.137502670288086, 8.839895248413086, -20.870256423950195, -8.486324310302734, -12.5572509765625, -27.930742263793945, -13.278937339782715, -10.88039493560791]"
Natikaji-Taradevi,Aanshu Ra Suskera Ka,"[-382.46380615234375, 69.66294860839844, -65.39888000488281, 10.090911865234375, -7.750792503356934, -16.31607437133789, -8.710515975952148, -18.549209594726562, -0.674770712852478, -17.41818618774414, -25.21803092956543, -12.11612319946289, -19.529232025146484]"
Natikaji-Taradevi,Dharti Ko Chhati,"[-568.2207641601562, 79.75196075439453, 14.179374694824219, 19.663543701171875, 6.471822738647461, -9.987814903259277, -4.473667621612549, -10.144351959228516, -21.672565460205078, -17.057958602905273, -7.319039344787598, -8.932170867919922, -14.193570137023926]"
Natikaji-Taradevi,Ghamma Pani Maya,"[-344.97412109375, 120.14779663085938, -56.86446762084961, -25.478851318359375, 6.932753086090088, -11.158449172973633, -15.441959381103516, -11.682944297790527, -13.111282348632812, -31.540241241455078, -30.255380630493164, -9.438192367553711, -17.940603256225586]"
Natikaji-Taradevi,Him Shrinkhalama,"[-339.51580810546875, 73.07123565673828, -85.02230834960938, 14.987885475158691, -13.8776216506958, -7.186504364013672, -19.510475158691406, -14.099103927612305, -11.53371810913086, -41.20660400390625, -13.770593643188477, -19.526954650878906, -20.086471557617188]"
Natikaji-Taradevi,Nepali Hami,"[-288.32049560546875, 159.11187744140625, -39.3669319152832, 2.2772841453552246, 42.75706100463867, -2.7294137477874756, -12.067014694213867, -1.1737781763076782, -12.120759010314941, -19.727779388427734, -14.841998100280762, -11.513371467590332, -15.902206420898438]"
Natikaji-Taradevi,Sunsan Prakirti Ko,"[-358.3282165527344, 101.20479583740234, -49.74483108520508, 9.660752296447754, 7.698421001434326, -22.64234733581543, -7.464267253875732, -11.61011791229248, -17.48341178894043, -25.352750778198242, -29.259450912475586, -17.761629104614258, -20.5203857421875]"
Natikaji-Taradevi,Timile Diyeka,"[-475.7629699707031, 73.59789276123047, -5.904513835906982, -3.08876371383667, -17.76973533630371, -11.377823829650879, -16.848953247070312, -24.479755401611328, -7.118905067443848, -20.444799423217773, -24.62408447265625, -11.738410949707031, -21.331520080566406]"
Natikaji-Taradevi,Timile Jatinai Maya,"[-375.7837219238281, 97.0383529663086, -75.7310791015625, -9.814751625061035, 7.384137153625488, -12.980128288269043, -12.268976211547852, -19.987796783447266, -6.271222114562988, -11.888322830200195, -24.520578384399414, -9.299835205078125, -10.85346508026123]"
Natikaji-Taradevi,Yo Chhoto Jeevan Ma,"[-425.8794860839844, 85.26155090332031, -81.60188293457031, -23.242877960205078, 7.413610458374023, -8.16983699798584, -4.783911228179932, -16.24309730529785, -15.472612380981445, -14.818425178527832, -25.294645309448242, -18.671602249145508, -11.070453643798828]"
Neetesh Jung Kumar,Hamro Nepalma,"[-271.2411193847656, 92.17513275146484, -26.866413116455078, 48.59330749511719, -29.339427947998047, 19.211624145507812, -6.99747896194458, -20.993743896484375, 13.805526733398438, -29.36073112487793, -14.748918533325195, -10.724295616149902, -9.386256217956543]"
Neetesh Jung Kumar,Hitaiko Maya,"[-301.06866455078125, 101.24420166015625, -56.19666290283203, 27.356889724731445, -3.70802640914917, 31.555309295654297, -12.945655822753906, -20.83964729309082, 8.371395111083984, -26.60805892944336, -8.159546852111816, -14.176558494567871, -11.350260734558105]"
Neetesh Jung Kumar,Kholai Khola,"[-274.7884521484375, 115.16158294677734, -43.821754455566406, 27.991018295288086, -24.613313674926758, 19.287813186645508, -9.048124313354492, -16.261188507080078, 16.50726318359375, -19.14426040649414, -10.428974151611328, -18.485219955444336, -6.671446800231934]"
Neetesh Jung Kumar,Saajha Ma Aunu (Maya ko Chino),"[-296.3569030761719, 92.43313598632812, -23.84200668334961, 57.36466598510742, -14.826090812683105, 23.92669105529785, 3.594146251678467, -17.988924026489258, 11.836567878723145, -25.704442977905273, -14.158990859985352, -5.025664329528809, -6.636058330535889]"
Phatteman,Yesto Pani Hundo Raichha,"[-312.1775207519531, 95.14419555664062, -25.204378128051758, 47.878326416015625, 8.936842918395996, 7.708637714385986, -4.147790431976318, -8.608119010925293, -12.822182655334473, -34.297698974609375, -5.648764133453369, -12.415425300598145, -19.504119873046875]"
Prem Dhoj Pradhan,Lekhideu Timro Nam,"[-329.0453796386719, 85.70354461669922, -81.84383392333984, -8.956496238708496, 0.22996391355991364, 5.916491985321045, -10.74710464477539, -21.325698852539062, -9.444172859191895, -23.7215518951416, -22.363359451293945, -19.91145896911621, -8.817432403564453]"
Rachana Dahal,Aagya - Official,"[-362.2796630859375, 122.95887756347656, -74.23158264160156, -40.166751861572266, -10.78330135345459, -15.748970031738281, -23.62837791442871, 11.074268341064453, -4.151339054107666, -36.56517028808594, 0.7079161405563354, -2.149028778076172, -16.11709213256836]"
Rachana Dahal,Bhumari,"[-369.8247375488281, 101.75811767578125, -46.653839111328125, -19.90977668762207, -17.562946319580078, -6.632620334625244, -14.253686904907227, 11.28021240234375, 1.8308987617492676, -38.46870040893555, -5.227397918701172, -10.753283500671387, -19.91587257385254]"
Rachana Dahal,Daagbatti,"[-387.02239990234375, 100.89990997314453, -33.98265075683594, -7.387705326080322, -25.53296661376953, -7.540114879608154, -20.48310089111328, 2.4132273197174072, 2.5943241119384766, -28.38126564025879, 8.582313537597656, -7.24990177154541, -18.090761184692383]"
Rachana Dahal,Hey Bhagwan,"[-382.2175598144531, 115.83872985839844, -36.85107421875, -9.345311164855957, -12.591634750366211, -1.95700204372406, -19.25193214416504, 4.146269798278809, -1.6761233806610107, -29.361495971679688, 8.049771308898926, -10.70698356628418, -19.40678596496582]"
Rachana Dahal,Soch,"[-355.9278259277344, 112.99038696289062, -58.51772689819336, -25.529985427856445, -11.016666412353516, -7.679840564727783, -27.316898345947266, 12.052136421203613, -3.442805290222168, -38.60108947753906, 2.8157899379730225, -11.12033462524414, -15.652399063110352]"
Rajesh Payal Rai,Sagarsari Chokho Maya,"[-285.621826171875, 95.92761993408203, -69.19013977050781, 41.30261993408203, -23.514022827148438, 8.387028694152832, -13.896529197692871, -13.47268009185791, -8.092680931091309, -37.72636795043945, -0.1626477986574173, -19.61781883239746, -9.040839195251465]"
Raju Lama,Timilai Dekhera,"[-287.34075927734375, 115.42000579833984, -60.13672637939453, 33.93993377685547, -28.707956314086914, -14.929891586303711, -13.476033210754395, -9.711723327636719, -7.7953667640686035, -32.04830551147461, -6.3362016677856445, -16.837190628051758, -6.042409420013428]"
Raju Singh,Bigrau Jasto Lagchha,"[-283.3960876464844, 69.56925201416016, -60.78945541381836, 59.48409652709961, 2.3831698894500732, 27.958742141723633, -8.58615493774414, -10.674920082092285, 9.889785766601562, -18.1085205078125, 3.915630578994751, -20.95352554321289, -5.264978885650635]"
Rohit John Chettri,Bistarai,"[-290.1007080078125, 90.93653106689453, -60.77978515625, 49.85816955566406, -19.420503616333008, 34.405174255371094, -10.393776893615723, -30.803077697753906, 13.384718894958496, -22.86680030822754, -10.31263542175293, -20.93560028076172, -7.470154762268066]"
Rohit John Chettri,Pani Paryo,"[-285.95391845703125, 143.0394744873047, -53.348480224609375, 15.749653816223145, -15.571025848388672, 5.011306285858154, -11.345256805419922, -21.338808059692383, 5.596029758453369, -19.038904190063477, -19.86054229736328, -14.036883354187012, -10.140824317932129]"
Rohit John Chettri,Timra Dui Aankhama,"[-282.48834228515625, 127.6288070678711, -46.70535659790039, 22.05979347229004, -22.244050979614258, -1.7309080362319946, -11.696005821228027, -23.64621925354004, 3.387486457824707, -20.525882720947266, -19.69806671142578, -8.899479866027832, -6.088316917419434]"
Sabin Rai,Akorinchhu,"[-306.56915283203125, 106.6111831665039, -83.77179718017578, 14.336127281188965, -32.50083923339844, -10.704797744750977, -27.506582260131836, -11.851130485534668, 10.430278778076172, -35.471614837646484, -6.772111892700195, -2.443923234939575, -7.225479602813721]"
Sabin Rai,Daya Baya,"[-334.24310302734375, 98.05482482910156, -69.01502227783203, 6.9936933517456055, -46.47244644165039, -18.294357299804688, -12.635765075683594, -17.077285766601562, -8.466364860534668, -17.875757217407227, -1.65823233127594, -17.293703079223633, -2.9486451148986816]"
Sabin Rai,Kahan Dekhi Kahan Samma,"[-365.95526123046875, 77.54197692871094, -68.57440948486328, 25.577497482299805, -52.451595306396484, -12.446325302124023, -11.478826522827148, -16.839778900146484, -4.936154842376709, -25.23241424560547, 0.41655609011650085, -13.273641586303711, 1.5739355087280273]"
Sabin Rai,Malai Angali Deu,"[-250.84300231933594, 75.09945678710938, -72.27912902832031, 47.079402923583984, -61.91416549682617, 4.071028232574463, -10.70876407623291, -21.862112045288086, 1.4716646671295166, -35.78605270385742, 6.998647689819336, -11.633405685424805, -7.4739603996276855]"
Sabin Rai_The Pharaoh,Paisa,"[-283.661865234375, 103.98726654052734, -51.15005111694336, 13.422172546386719, -46.7083740234375, 4.704615592956543, -13.273475646972656, -10.79050064086914, -0.8293120861053467, -36.843570709228516, -8.965991973876953, -21.714452743530273, -9.283119201660156]"
Sabin Rai_The Pharaoh,Samarpan,"[-334.71514892578125, 103.69895935058594, -43.51984786987305, 11.693690299987793, -30.869247436523438, -12.308805465698242, 0.12393651157617569, -0.2594905197620392, -8.950325012207031, -24.732784271240234, -10.03900146484375, -16.58086395263672, -2.1741011142730713]"
Sabin Rai_The Pharaoh,Samjhanchu,"[-303.6776123046875, 93.12255096435547, -57.10826873779297, 25.569074630737305, -28.36705780029297, -9.212574005126953, -4.951993942260742, -1.9769062995910645, -4.479101657867432, -28.88276481628418, -10.383102416992188, -18.511316299438477, -4.455257892608643]"
Samir Shrestha,Bujhideu,"[-336.24224853515625, 147.4613037109375, -35.26570129394531, -3.5386338233947754, -17.549482345581055, 12.75461196899414, -22.687328338623047, -13.696823120117188, 4.8538126945495605, -36.038265228271484, -8.307310104370117, -9.542016983032227, -18.51980209350586]"
Samir Shrestha,Chaar Dewar,"[-366.3089904785156, 168.6129913330078, -33.78361129760742, -31.620243072509766, 16.376201629638672, 12.509359359741211, -11.689153671264648, -12.160857200622559, -23.44917869567871, -34.38581848144531, -16.260162353515625, -17.08112907409668, -19.224327087402344]"
Samir Shrestha,Hera Na,"[-320.39080810546875, 104.86731719970703, -62.756160736083984, 38.823246002197266, 13.719034194946289, 13.938347816467285, -21.27906036376953, -6.167623519897461, 14.25899600982666, -36.54220962524414, -13.931253433227539, -12.751252174377441, -23.967803955078125]"
Samir Shrestha,Thamana Haat,"[-269.6798095703125, 134.41404724121094, -59.95671463012695, 4.786466598510742, -33.06654739379883, 20.244524002075195, -26.232189178466797, -25.571264266967773, 16.76474952697754, -44.00069046020508, -17.38232421875, -3.295348882675171, -12.581610679626465]"
Sanjay Shrestha,Maya Meri Maya,"[-422.46234130859375, 71.956298828125, 10.169717788696289, 43.15595245361328, -0.07807595282793045, 13.331355094909668, -23.493154525756836, -10.122491836547852, 4.41198205947876, -38.649505615234375, -8.402644157409668, -5.925457000732422, -13.606083869934082]"
SD Yogi,Suna Suna Sundari (From Nango Gaun),"[-350.3133239746094, 88.4240493774414, -48.871334075927734, 24.00126075744629, -9.423734664916992, 24.546260833740234, -18.53422737121582, -13.659928321838379, -5.372058868408203, -30.618417739868164, 4.87355375289917, -21.470542907714844, -11.417743682861328]"
Shiva Pariyar,Aansu Ko Artha,"[-296.199951171875, 109.2945327758789, -54.07207107543945, 28.481517791748047, -29.14179801940918, -1.297502875328064, -6.6148858070373535, -16.069665908813477, 0.09341314435005188, -32.799468994140625, -15.81060791015625, -12.718186378479004, -7.41312837600708]"
Shiva Pariyar,Fewa Talma Saili,"[-281.0447082519531, 123.8316421508789, -62.4155158996582, 29.279016494750977, -0.7276580333709717, 15.202784538269043, -22.35332679748535, -17.606924057006836, 6.280598163604736, -33.918113708496094, -12.330758094787598, -7.204601764678955, -1.0026650428771973]"
Shiva Pariyar,Fulai Fula Dinchhau ki - Remake Version,"[-296.0398864746094, 108.99159240722656, -51.46953582763672, 37.020912170410156, -32.02373123168945, 3.354147434234619, -27.038766860961914, -21.767847061157227, 0.101398766040802, -38.444393157958984, -8.530162811279297, -18.689409255981445, -4.986334323883057]"
Shiva Pariyar,Mangali,"[-310.15521240234375, 96.43972778320312, -52.871482849121094, 37.80230712890625, 3.1356396675109863, 17.59889793395996, -24.768455505371094, -14.79649829864502, 10.189270973205566, -31.55111312866211, -10.196186065673828, -14.111345291137695, -8.764689445495605]"
Shiva Pariyar,Nabheti Nabheti,"[-291.3855285644531, 70.34595489501953, -51.57606887817383, 65.41759490966797, -5.727505207061768, 9.507723808288574, -15.607483863830566, -12.211775779724121, 6.191848278045654, -29.160064697265625, -10.204244613647461, -18.88056755065918, -7.007571697235107]"
Shiva Pariyar,Pilayo Sathile,"[-258.470458984375, 112.27814483642578, -96.13448333740234, 35.06509780883789, -15.883231163024902, 14.954042434692383, -27.06151008605957, -27.40353775024414, 0.5900359153747559, -42.6741828918457, -12.546677589416504, -16.557483673095703, -4.05808162689209]"
Sugam Pokharel,Dashain Tihar,"[-274.3688049316406, 130.02413940429688, -66.52725219726562, 33.64177703857422, -24.586278915405273, 15.851880073547363, -17.731855392456055, -22.03402328491211, 11.059891700744629, -36.75414276123047, -22.287084579467773, -11.101192474365234, 5.558515548706055]"
Sugam Pokharel,Kasham Ho Kasham,"[-278.688232421875, 100.49358367919922, -52.456520080566406, 24.19508934020996, -37.952537536621094, 5.357965469360352, -14.106062889099121, -9.625481605529785, 0.15435537695884705, -34.1168098449707, -5.748042583465576, -27.94729232788086, -5.941043853759766]"
Sugam Pokharel,Pheri Tyo Din,"[-241.9446563720703, 85.2769546508789, -94.82234954833984, 52.801918029785156, -48.26555252075195, -5.863661289215088, -10.909564971923828, -9.61218547821045, 10.979496955871582, -42.309837341308594, -8.205050468444824, -6.613278388977051, 0.9664524793624878]"
Sugam Pokharel,Runna Bhanthe,"[-238.72975158691406, 107.81256866455078, -86.7101058959961, 23.839250564575195, -24.708829879760742, 1.6115005016326904, -17.99302864074707, -18.984895706176758, -1.0356345176696777, -27.123998641967773, -5.36547327041626, -13.85376262664795, -0.7994043231010437]"
Sugam Pokharel,Timi Royeko Pal,"[-281.3170166015625, 107.87580871582031, -66.90228271484375, 14.6781587600708, -34.43165969848633, 2.1161515712738037, -22.911170959472656, -21.150531768798828, -11.106413841247559, -39.10624694824219, -6.884986400604248, -26.720117568969727, -11.127496719360352]"
Sukmit Gurung,Chumera Sugandhi Phool,"[-386.7813720703125, 114.444580078125, -31.10231590270996, -4.980851650238037, 8.532649040222168, -10.675614356994629, -24.84668731689453, -2.2984821796417236, -12.847941398620605, -35.34849166870117, -14.224711418151855, -20.969425201416016, -16.345495223999023]"
Swoopna Suman,Je Chhau Timi,"[-295.97967529296875, 111.96649169921875, -33.85581588745117, 33.303123474121094, -15.44032096862793, 15.4027099609375, -13.539990425109863, -16.32989501953125, 0.9994857907295227, -25.146869659423828, -5.419011116027832, -22.712581634521484, -5.843703269958496]"
Swoopna Suman,Kasari Bhanu,"[-280.71380615234375, 132.11172485351562, -34.404808044433594, 17.679256439208984, -14.034985542297363, 14.584586143493652, -4.602603912353516, -17.849088668823242, -12.196610450744629, -26.7862491607666, -10.719734191894531, -19.31435775756836, -5.757521629333496]"
Swoopna Suman,Timro Aankha,"[-333.5143737792969, 112.87371063232422, 7.2094573974609375, 23.236909866333008, -12.772968292236328, 25.22538185119629, -6.173712730407715, -10.351189613342285, -1.991607904434204, -19.93263053894043, -7.820013999938965, -27.19753646850586, -6.887878894805908]"
Yogeshwor Amatya,Bhanchhan Lognemanchhe,"[-371.8388366699219, 85.44763946533203, -93.35274505615234, 41.12473678588867, -1.959329605102539, 3.4433062076568604, -6.215123653411865, -15.2135591506958, -5.759190559387207, -17.957494735717773, -6.300599098205566, -17.916013717651367, -1.821593999862671]"
Yogeshwor Amatya,Jaba Sandhya Hunchha,"[-255.8072967529297, 119.86454772949219, -77.26476287841797, 27.69809913635254, -31.108243942260742, 14.26876163482666, -10.795007705688477, -14.722350120544434, -4.474037170410156, -34.13794708251953, -1.29998779296875, -18.348079681396484, -0.00672284746542573]"
